"Category","Time","Stratum","Units","Estimate","Std. Error for Estimate","Std. Error for ln(Estimate)"
"1","1982","Stratum_1"," [g]",32823.5789331997,6304.44695282539,0.243651790885
"1","1983","Stratum_1"," [g]",28558.5668075988,5375.59132903266,0.237405695828265
"1","1984","Stratum_1"," [g]",15766.5698026848,3739.38313734886,0.306827839743202
"1","1985","Stratum_1"," [g]",26195.7933138167,4653.6441321223,0.222684685518102
"1","1986","Stratum_1"," [g]",25417.8296923445,4259.90348523617,0.209281625205716
"1","1987","Stratum_1"," [g]",24775.3794601761,4362.8046544319,0.220981870211969
"1","1988","Stratum_1"," [g]",19505.339954317,3919.0324845947,0.256851607258474
"1","1989","Stratum_1"," [g]",27446.2954558518,4371.76470198041,0.198635843344702
"1","1990","Stratum_1"," [g]",21062.1073048614,3788.74508896594,0.227062806450489
"1","1991","Stratum_1"," [g]",13175.6977762374,2216.49126874973,0.209962181716511
"1","1992","Stratum_1"," [g]",36573.7185490861,5875.29032295776,0.200224922361115
"1","1993","Stratum_1"," [g]",38960.5010999785,6235.172150938,0.197208223501901
"1","1994","Stratum_1"," [g]",27692.3649346094,4540.91764088343,0.204872851335595
"1","1995","Stratum_1"," [g]",35446.1446834898,5284.40861619719,0.1825200023446
"1","1996","Stratum_1"," [g]",22894.1573488033,3821.47045717637,0.207208918610433
"1","1997","Stratum_1"," [g]",28520.3766629701,4611.5442660815,0.199884515276426
"1","1998","Stratum_1"," [g]",33790.4550608606,4979.79974641359,0.180158631495078
"1","1999","Stratum_1"," [g]",47861.6692387371,7182.37705892009,0.18297786534426
"1","2000","Stratum_1"," [g]",47690.3167125541,7346.57364960972,0.188273281447472
"1","2001","Stratum_1"," [g]",56775.9609342742,8838.50838797217,0.191725974757548
"1","2002","Stratum_1"," [g]",32238.9303824446,5337.83307590645,0.203014878619285
"1","2003","Stratum_1"," [g]",34019.5187143646,5990.16605801308,0.220516235126626
"1","2004","Stratum_1"," [g]",58376.7493801171,9771.37040151147,0.208565667173361
"1","2005","Stratum_1"," [g]",32822.9618753279,6077.63683372309,0.232266160011168
"1","2006","Stratum_1"," [g]",29996.4688423487,5236.90113706236,0.216919439775698
"1","2007","Stratum_1"," [g]",30741.7263620794,5344.20064257062,0.216115024781681
"1","2008","Stratum_1"," [g]",26896.4321736,4793.71997763645,0.222826115751092
"1","2009","Stratum_1"," [g]",34088.3011327762,5294.65996147577,0.190582079457011
"1","2010","Stratum_1"," [g]",34406.0081132003,5621.74836776525,0.202437878543883
"1","2011","Stratum_1"," [g]",47766.4534564029,8033.38392075292,0.209461889964847
"1","2012","Stratum_1"," [g]",60186.3211408466,9872.26656380388,0.201943430885734
"1","2013","Stratum_1"," [g]",40356.4929027256,6831.09346147257,0.210195300298338
"1","2014","Stratum_1"," [g]",30259.2386466621,5329.17127034982,0.22018446661898
"1","2015","Stratum_1"," [g]",38700.8142924116,6883.14228310485,0.223187171385771
"1","2016","Stratum_1"," [g]",28760.5629297263,4919.70801730942,0.211163113521188
"1","2017","Stratum_1"," [g]",28394.8056895493,5354.27646302314,0.238153888196417
"1","2018","Stratum_1"," [g]",35354.0001932715,6657.9874501687,0.237616403141377
"1","2019","Stratum_1"," [g]",44479.6499198177,7721.84208592336,0.215820790150796
"1","2020","Stratum_1"," [g]",19676.0766651263,6289.87387047647,0.423665188906977
"1","2021","Stratum_1"," [g]",29574.3015613485,5017.08027907985,0.21133526584818
"1","2022","Stratum_1"," [g]",31713.3062268712,5342.43678337675,0.208147259709931
"1","2023","Stratum_1"," [g]",51423.4594453027,11241.8766637973,0.283227049457973
"1","2024","Stratum_1"," [g]",33177.1784833886,5949.7595763778,0.224300005441825
"1","2025","Stratum_1"," [g]",22385.2323885521,4173.49073571331,0.235417212699157
"1","1982","Stratum_2"," [g]",17626.508238429,3756.3545013172,0.267252067044331
"1","1983","Stratum_2"," [g]",10280.8669467669,1970.18580102747,0.237604508381205
"1","1984","Stratum_2"," [g]",6950.90242249816,1687.59935055754,0.310166742041011
"1","1985","Stratum_2"," [g]",14464.5296683788,2871.87158324211,0.244463978743454
"1","1986","Stratum_2"," [g]",13749.4498104674,2539.30974906439,0.227013252892234
"1","1987","Stratum_2"," [g]",11630.855662602,2228.19708577082,0.235742883337319
"1","1988","Stratum_2"," [g]",9398.66775316,2017.34957077958,0.271650298690984
"1","1989","Stratum_2"," [g]",14235.084382295,2504.928021902,0.215300169492408
"1","1990","Stratum_2"," [g]",8620.30359881257,1703.31761333007,0.245383621831885
"1","1991","Stratum_2"," [g]",7631.01016320114,1367.79393130047,0.218613111488777
"1","1992","Stratum_2"," [g]",12784.9402156906,2159.52254394975,0.205595956502743
"1","1993","Stratum_2"," [g]",13320.4204133937,2299.05219191432,0.209273305361541
"1","1994","Stratum_2"," [g]",11785.7318823886,2144.15977016996,0.224368738543869
"1","1995","Stratum_2"," [g]",18484.0712484583,2907.61075429629,0.187370342710968
"1","1996","Stratum_2"," [g]",11208.9846192909,1939.69815402967,0.210141388514706
"1","1997","Stratum_2"," [g]",14867.5671585056,2463.44169095564,0.199542657777556
"1","1998","Stratum_2"," [g]",16211.1627964498,2517.07721573985,0.185475427378885
"1","1999","Stratum_2"," [g]",17496.3855223127,2773.58335168965,0.189641680665982
"1","2000","Stratum_2"," [g]",24905.295600836,4195.57600907652,0.201209825160349
"1","2001","Stratum_2"," [g]",26016.6562254058,4481.16293524177,0.207641978311799
"1","2002","Stratum_2"," [g]",17039.8221353721,2894.8359446185,0.201505538795043
"1","2003","Stratum_2"," [g]",19903.9303226264,3732.36004749788,0.229064760755758
"1","2004","Stratum_2"," [g]",32141.0675778514,5746.77338622889,0.216446863344424
"1","2005","Stratum_2"," [g]",20927.5869754441,3802.0084940118,0.221713816054379
"1","2006","Stratum_2"," [g]",17858.0218838947,3148.34939707999,0.211834288566562
"1","2007","Stratum_2"," [g]",15728.0533547044,2664.6711904725,0.202882214181215
"1","2008","Stratum_2"," [g]",12785.9627806125,2362.48535335621,0.22320291832211
"1","2009","Stratum_2"," [g]",16410.9329514793,2754.77598504863,0.199949048696722
"1","2010","Stratum_2"," [g]",14384.8307482601,2579.86917775323,0.216565041161025
"1","2011","Stratum_2"," [g]",21399.2262224967,3773.08414385363,0.212795092917615
"1","2012","Stratum_2"," [g]",19852.2597386334,3544.36895117569,0.213051250081014
"1","2013","Stratum_2"," [g]",12947.8329918219,2395.86742578029,0.224955912900873
"1","2014","Stratum_2"," [g]",10271.373145093,2035.3492132101,0.243538817650895
"1","2015","Stratum_2"," [g]",15425.8191873104,2962.15462909503,0.234475681163306
"1","2016","Stratum_2"," [g]",12191.7471155896,2254.9351772674,0.223385006405187
"1","2017","Stratum_2"," [g]",9792.15718606682,2079.74282755709,0.265438321012606
"1","2018","Stratum_2"," [g]",13566.8215322719,2785.1353937072,0.251571024658069
"1","2019","Stratum_2"," [g]",17033.4639609914,3198.28220407338,0.226729160479249
"1","2020","Stratum_2"," [g]",8292.54539960804,2446.1857817276,0.379360644334726
"1","2021","Stratum_2"," [g]",9746.3620171784,1913.95307648852,0.242959123958202
"1","2022","Stratum_2"," [g]",14333.8082509453,2637.47121758139,0.220208192266869
"1","2023","Stratum_2"," [g]",20865.8890612623,5271.16619472459,0.325456516592296
"1","2024","Stratum_2"," [g]",15319.4689146021,2916.14486431397,0.231955347231721
"1","2025","Stratum_2"," [g]",8769.60032157776,1770.4785171145,0.248270922568116
"1","1982","Stratum_3"," [g]",6589.97671148172,1762.01634302392,0.34037625837829
"1","1983","Stratum_3"," [g]",7653.79616872132,1977.16628040322,0.325295090194835
"1","1984","Stratum_3"," [g]",4039.21437415736,1268.67879951211,0.404651370999765
"1","1985","Stratum_3"," [g]",4953.9259742127,1216.97056433109,0.311030961665476
"1","1986","Stratum_3"," [g]",4246.53758671786,1025.52333970489,0.305788035634241
"1","1987","Stratum_3"," [g]",5400.68626263406,1294.01789886868,0.299712771959596
"1","1988","Stratum_3"," [g]",3701.03371301517,1043.72489702867,0.3636671524404
"1","1989","Stratum_3"," [g]",3487.3010759693,887.286115665978,0.325877060592595
"1","1990","Stratum_3"," [g]",3798.14979771663,1017.53878626791,0.34215339652135
"1","1991","Stratum_3"," [g]",1822.71419076875,467.628528895661,0.328867414919575
"1","1992","Stratum_3"," [g]",9034.5628766486,2210.39670187352,0.306476594132119
"1","1993","Stratum_3"," [g]",12330.5252491486,2893.88582710642,0.286075046301509
"1","1994","Stratum_3"," [g]",5947.73446643271,1336.24439354117,0.280127526628901
"1","1995","Stratum_3"," [g]",6520.10315221844,1465.79970153135,0.281335604342789
"1","1996","Stratum_3"," [g]",5752.25104359416,1286.05699326944,0.275873699953004
"1","1997","Stratum_3"," [g]",7061.09443462535,1602.36397658708,0.281143820289491
"1","1998","Stratum_3"," [g]",7147.2560435023,1567.16011034016,0.268813704980424
"1","1999","Stratum_3"," [g]",15937.9131031488,3157.28453109045,0.237306238422038
"1","2000","Stratum_3"," [g]",10899.193391575,2358.24574925584,0.26483984070404
"1","2001","Stratum_3"," [g]",11982.9679121581,2639.38440886194,0.272992712705357
"1","2002","Stratum_3"," [g]",7051.13543903745,1726.99547520563,0.309518729659501
"1","2003","Stratum_3"," [g]",5483.27580897115,1509.99297943638,0.356561684382202
"1","2004","Stratum_3"," [g]",9873.85002548965,2644.4843223659,0.344505205446871
"1","2005","Stratum_3"," [g]",4825.16679341253,1482.69846527911,0.402664392726502
"1","2006","Stratum_3"," [g]",5032.01074273786,1419.58059718051,0.365851689451634
"1","2007","Stratum_3"," [g]",7701.6861660174,2027.85822412651,0.336300715908304
"1","2008","Stratum_3"," [g]",6183.73228804746,1653.39059215077,0.344139108810362
"1","2009","Stratum_3"," [g]",6737.96664696942,1618.98853737387,0.303371806783724
"1","2010","Stratum_3"," [g]",6842.21200022879,1736.12956707529,0.324489361788408
"1","2011","Stratum_3"," [g]",12700.8854940043,3230.52167977539,0.323510609815033
"1","2012","Stratum_3"," [g]",18718.7145385739,4336.39973936968,0.288025550294006
"1","2013","Stratum_3"," [g]",11520.9466623277,2850.29255666355,0.30883791603637
"1","2014","Stratum_3"," [g]",5947.4790958338,1552.12422053381,0.333442600634942
"1","2015","Stratum_3"," [g]",8230.719711889,2220.15384128259,0.348291373782118
"1","2016","Stratum_3"," [g]",6134.74026180145,1467.67656219493,0.300499079661754
"1","2017","Stratum_3"," [g]",7320.54080752449,1890.24922017656,0.327104301974396
"1","2018","Stratum_3"," [g]",7824.00237982891,2087.74420212074,0.342179558768154
"1","2019","Stratum_3"," [g]",12649.6702958716,3139.57072483924,0.311408301030713
"1","2020","Stratum_3"," [g]",4571.29241792942,1866.78705062598,0.549677430318777
"1","2021","Stratum_3"," [g]",7200.82559295832,1621.52967415081,0.28085003560891
"1","2022","Stratum_3"," [g]",6779.35942588041,1607.83293068904,0.299014332289314
"1","2023","Stratum_3"," [g]",12403.0619161644,2821.95191487416,0.283402545538598
"1","2024","Stratum_3"," [g]",7457.90003962442,1993.64257862432,0.34324582923145
"1","2025","Stratum_3"," [g]",5773.66498559337,1549.12732158905,0.344300852337045
"1","1982","Stratum_4"," [g]",7426.74327825102,1923.99953450907,0.335613665886883
"1","1983","Stratum_4"," [g]",9288.45475333055,2335.28696908048,0.321728586760541
"1","1984","Stratum_4"," [g]",4224.693968679,1286.66965036548,0.400805776451319
"1","1985","Stratum_4"," [g]",6020.13045433455,1481.65039250868,0.317346512737659
"1","1986","Stratum_4"," [g]",6496.38244941449,1443.66386808724,0.282655863033177
"1","1987","Stratum_4"," [g]",7062.93243642302,1715.34875718816,0.31251866579291
"1","1988","Stratum_4"," [g]",5769.32307013188,1494.58943931146,0.332698002192659
"1","1989","Stratum_4"," [g]",8392.50562466659,1834.85466371808,0.277264490634075
"1","1990","Stratum_4"," [g]",6784.77024455101,1621.98557446073,0.306466805709802
"1","1991","Stratum_4"," [g]",2950.82499392056,735.00350089777,0.322348517244254
"1","1992","Stratum_4"," [g]",11981.6322666834,2528.71934200209,0.266840369855651
"1","1993","Stratum_4"," [g]",11138.7582706623,2282.85739037015,0.258969550472614
"1","1994","Stratum_4"," [g]",8564.10302430029,1878.24555731227,0.277804703245949
"1","1995","Stratum_4"," [g]",8670.92364644201,1813.77211697917,0.264905810077237
"1","1996","Stratum_4"," [g]",5086.10087146033,1313.163004552,0.336424192638929
"1","1997","Stratum_4"," [g]",5640.84144639248,1463.15978691006,0.339349102745203
"1","1998","Stratum_4"," [g]",8771.97372420425,1803.47998961425,0.25877289129658
"1","1999","Stratum_4"," [g]",11453.7631582975,2461.89523134351,0.273161950674693
"1","2000","Stratum_4"," [g]",10394.5943064264,2228.26694277551,0.27299231076745
"1","2001","Stratum_4"," [g]",16566.4000740384,3533.55599649888,0.268667430204796
"1","2002","Stratum_4"," [g]",7086.32176138095,1689.51682085484,0.304593868460921
"1","2003","Stratum_4"," [g]",6967.24311089909,1717.56698891078,0.320740638766878
"1","2004","Stratum_4"," [g]",13757.0486203909,3448.63372668582,0.324365263043358
"1","2005","Stratum_4"," [g]",5885.42305919997,1701.92901972576,0.381976846336988
"1","2006","Stratum_4"," [g]",5765.45076540575,1545.98896143761,0.352010739613574
"1","2007","Stratum_4"," [g]",5965.5557930726,1529.11840539494,0.336425947746879
"1","2008","Stratum_4"," [g]",6680.02943816862,1569.36226164016,0.301437615894509
"1","2009","Stratum_4"," [g]",8908.38082376221,1822.43048292716,0.256786416762525
"1","2010","Stratum_4"," [g]",9693.61326498691,1936.96836493338,0.250660545409292
"1","2011","Stratum_4"," [g]",9942.3807692684,2192.57390274363,0.282890227088781
"1","2012","Stratum_4"," [g]",16299.3861313035,3131.41350547516,0.240330178696805
"1","2013","Stratum_4"," [g]",12853.9435936103,2642.64376504624,0.257109545081602
"1","2014","Stratum_4"," [g]",11756.3725304081,2530.76059778857,0.269686040837448
"1","2015","Stratum_4"," [g]",12709.5623510419,2858.63985471864,0.284959315958021
"1","2016","Stratum_4"," [g]",8604.01657008558,1817.57801700702,0.264045495790378
"1","2017","Stratum_4"," [g]",9668.66293451526,2271.68791506126,0.298200115886922
"1","2018","Stratum_4"," [g]",12092.0807641029,2883.15602642545,0.305389291009169
"1","2019","Stratum_4"," [g]",12795.291199366,2823.45053158877,0.280131151723479
"1","2020","Stratum_4"," [g]",5713.94630848602,2258.48183705002,0.538331911714507
"1","2021","Stratum_4"," [g]",10015.9207163346,2137.879323542,0.266896708001039
"1","2022","Stratum_4"," [g]",8917.85184936813,1986.31764411468,0.28288776271729
"1","2023","Stratum_4"," [g]",14808.2987968787,4429.2148120444,0.399151373956273
"1","2024","Stratum_4"," [g]",9140.37067128455,2036.31412970179,0.282644623837746
"1","2025","Stratum_4"," [g]",6652.24128688172,1548.04743249659,0.297663369033743
"1","1982","Stratum_5"," [g]",5752.04192371486,1529.06724244785,0.346797081339368
"1","1983","Stratum_5"," [g]",7863.05185353754,1922.35206778192,0.311920985461155
"1","1984","Stratum_5"," [g]",3456.16625953341,1050.63116269677,0.400594650822135
"1","1985","Stratum_5"," [g]",4694.81346152409,1124.09975927716,0.308930124674175
"1","1986","Stratum_5"," [g]",5282.16800772058,1176.37216942779,0.285141077143269
"1","1987","Stratum_5"," [g]",5686.04217464378,1338.02029365689,0.301589131148521
"1","1988","Stratum_5"," [g]",3801.64515195493,1070.57211959503,0.370431296017251
"1","1989","Stratum_5"," [g]",5988.64062146206,1326.56149043721,0.283581095478198
"1","1990","Stratum_5"," [g]",7135.97225441378,1589.68949842488,0.281867118934231
"1","1991","Stratum_5"," [g]",2923.88356870964,683.82398925876,0.301172983476772
"1","1992","Stratum_5"," [g]",12006.8824089233,2467.70479472826,0.260028840648531
"1","1993","Stratum_5"," [g]",12506.4327409185,2623.80550233483,0.261054265332099
"1","1994","Stratum_5"," [g]",8111.79650553907,1662.68733633433,0.25661625772915
"1","1995","Stratum_5"," [g]",7833.56637516552,1583.64794118828,0.256796157789348
"1","1996","Stratum_5"," [g]",5089.51999622258,1183.45104666493,0.295163043991244
"1","1997","Stratum_5"," [g]",5064.62856738026,1264.84811023881,0.324716562395436
"1","1998","Stratum_5"," [g]",9563.73695388803,1974.15716131965,0.257046040100542
"1","1999","Stratum_5"," [g]",13340.606111004,2696.36162712503,0.251377696354061
"1","2000","Stratum_5"," [g]",9645.95986996701,2036.63252998312,0.267872764620383
"1","2001","Stratum_5"," [g]",12396.3713277918,2612.98001875983,0.2685985144109
"1","2002","Stratum_5"," [g]",5820.7632981845,1438.82271993363,0.322159295545613
"1","2003","Stratum_5"," [g]",6965.57445019164,1693.63245123164,0.315169986625336
"1","2004","Stratum_5"," [g]",14234.3817393053,3431.80526021263,0.310884327480754
"1","2005","Stratum_5"," [g]",5725.55641650841,1637.49724647348,0.377353722606893
"1","2006","Stratum_5"," [g]",5962.3737455762,1564.89250202857,0.343782911534857
"1","2007","Stratum_5"," [g]",6038.32840674353,1614.8100780722,0.352089170115912
"1","2008","Stratum_5"," [g]",6816.94395020231,1676.79881499804,0.317974783934628
"1","2009","Stratum_5"," [g]",7665.28278634531,1625.378221372,0.269561913726332
"1","2010","Stratum_5"," [g]",11652.0564161434,2478.08900761225,0.266379771137115
"1","2011","Stratum_5"," [g]",13970.5615818074,3175.74020117223,0.289555853394656
"1","2012","Stratum_5"," [g]",20761.9836569839,4292.93016862058,0.260096552419584
"1","2013","Stratum_5"," [g]",13363.3183904237,2862.92051795784,0.270640025638605
"1","2014","Stratum_5"," [g]",10392.3310663963,2211.81412222129,0.266999361536826
"1","2015","Stratum_5"," [g]",10792.5903045911,2493.36721920301,0.296016368825951
"1","2016","Stratum_5"," [g]",7297.88555826709,1604.18394105689,0.278144611040824
"1","2017","Stratum_5"," [g]",8264.41353542156,1963.28513275528,0.302466962981832
"1","2018","Stratum_5"," [g]",9746.40729397722,2345.66454896859,0.309530445807684
"1","2019","Stratum_5"," [g]",12108.295236569,2698.69440543253,0.283216087251224
"1","2020","Stratum_5"," [g]",5358.87948738641,2074.69147284829,0.524388300221958
"1","2021","Stratum_5"," [g]",10454.2783174304,2100.57467003919,0.249531551489752
"1","2022","Stratum_5"," [g]",8022.84660995955,1712.95424940526,0.27012530092445
"1","2023","Stratum_5"," [g]",15968.5198058611,4119.08538629635,0.334838308480993
"1","2024","Stratum_5"," [g]",6693.7067051642,1588.89166938383,0.306372182218428
"1","2025","Stratum_5"," [g]",6283.73013298628,1490.79793603053,0.303609360635927
"1","1982","Stratum_6"," [g]",18971.9285209038,3868.98021738262,0.261406197275301
"1","1983","Stratum_6"," [g]",16905.4063657019,3379.7534337853,0.255821199279076
"1","1984","Stratum_6"," [g]",11516.3239955631,2752.90666823587,0.309453871832787
"1","1985","Stratum_6"," [g]",16430.7165912814,3140.25358870993,0.242751048222768
"1","1986","Stratum_6"," [g]",17790.7309556825,3255.70600891699,0.231508862923535
"1","1987","Stratum_6"," [g]",17114.5002135038,3315.829613423,0.246409235371236
"1","1988","Stratum_6"," [g]",13554.3479013775,2952.3555023159,0.282128028655619
"1","1989","Stratum_6"," [g]",17645.8727244443,3141.07737682296,0.225826438132307
"1","1990","Stratum_6"," [g]",14947.8795621149,2950.25858196145,0.252894253898907
"1","1991","Stratum_6"," [g]",7824.59409745056,1491.62450339958,0.243633983389159
"1","1992","Stratum_6"," [g]",24104.1141923576,4395.70049451686,0.233808570223056
"1","1993","Stratum_6"," [g]",23785.3625023346,4276.70677628289,0.227300790913526
"1","1994","Stratum_6"," [g]",17522.1258633376,3227.4435015292,0.235789993567783
"1","1995","Stratum_6"," [g]",21425.5090232662,3679.6229972205,0.217173944023465
"1","1996","Stratum_6"," [g]",14507.4951076336,2747.16661360018,0.241246447710127
"1","1997","Stratum_6"," [g]",17420.2028770398,3260.52184630398,0.238486633487305
"1","1998","Stratum_6"," [g]",20918.3353823159,3560.72523991404,0.214567605232496
"1","1999","Stratum_6"," [g]",28575.7374490666,4837.94486800321,0.212900178479345
"1","2000","Stratum_6"," [g]",28767.2784265444,5042.07498573977,0.220898506588421
"1","2001","Stratum_6"," [g]",34610.7938912536,6170.23312019277,0.226502803387846
"1","2002","Stratum_6"," [g]",18821.8156516309,3575.02457270186,0.24111729792522
"1","2003","Stratum_6"," [g]",20358.5748043944,4024.23533246748,0.254282340441916
"1","2004","Stratum_6"," [g]",34657.9557501548,6654.86597419451,0.246197630956554
"1","2005","Stratum_6"," [g]",20346.5900705315,4258.21606030961,0.26901922959234
"1","2006","Stratum_6"," [g]",17546.0428346872,3492.42900813281,0.255349579071076
"1","2007","Stratum_6"," [g]",19053.0597211376,3694.80175742717,0.247482424879546
"1","2008","Stratum_6"," [g]",18048.0911765585,3427.8375710073,0.239906325332548
"1","2009","Stratum_6"," [g]",22796.5678142461,3919.16115532535,0.215268728243726
"1","2010","Stratum_6"," [g]",25137.4847168053,4477.3764577006,0.222673118831463
"1","2011","Stratum_6"," [g]",30367.0336103972,5516.46137127314,0.229042871475471
"1","2012","Stratum_6"," [g]",40182.3904357543,7113.22084087387,0.221495024183891
"1","2013","Stratum_6"," [g]",25573.137527691,4633.00893867916,0.228143091320867
"1","2014","Stratum_6"," [g]",20230.8165343264,3875.26578758204,0.242930910643765
"1","2015","Stratum_6"," [g]",24509.1119922789,4699.8541283574,0.243982087445232
"1","2016","Stratum_6"," [g]",20393.9018107945,3775.33838769318,0.231577197682476
"1","2017","Stratum_6"," [g]",17624.911908872,3591.39014800389,0.261563916337649
"1","2018","Stratum_6"," [g]",23213.3954196828,4629.05917548766,0.254585093228242
"1","2019","Stratum_6"," [g]",28437.8388489548,5244.86083223172,0.232461132277338
"1","2020","Stratum_6"," [g]",13572.4076316773,4305.06607149996,0.419838590521666
"1","2021","Stratum_6"," [g]",19547.0186303591,3659.65938760056,0.237425996818857
"1","2022","Stratum_6"," [g]",20597.6674519923,3803.53271834927,0.231997260099077
"1","2023","Stratum_6"," [g]",33077.590977259,7639.5320283408,0.300949244184814
"1","2024","Stratum_6"," [g]",22946.9413916725,4327.5411557453,0.237767693937392
"1","2025","Stratum_6"," [g]",14480.3477143757,2843.80655630091,0.250737563050129
